Time,[CH4]d_ppm,[CO2]d_ppm
11:27:33,0,206.537
11:27:34,1.02101,417.451
11:27:35,2.05163,416.953
11:27:36,2.04936,417.132
11:27:37,2.05218,417.047
11:27:38,2.0502,417.382
11:27:39,2.05209,417.574
11:27:40,2.05362,416.965
11:27:41,2.04847,417.906
11:27:42,2.05091,418.286
11:27:43,2.05113,418.95
11:27:44,2.05107,419.429
11:27:45,2.0545,419.946
11:27:46,2.05555,419.59
11:27:47,2.05481,418.844
11:27:48,2.05417,419.399
11:27:49,2.05407,418.99
11:27:50,2.05232,418.593
11:27:51,2.05325,418.943
11:27:52,2.05452,419.058
11:27:53,2.05337,418.698
11:27:54,2.05451,419.267
11:27:55,2.05221,419.019
11:27:56,2.04839,418.145
11:27:57,2.05168,420.08
11:27:58,2.056,422.331
11:27:59,2.05348,420.504
11:28:00,2.05593,419.83
11:28:01,2.05313,419.666
11:28:02,2.05307,419.313
11:28:03,2.05312,419.815
11:28:04,2.05474,418.913
11:28:05,2.05121,419.48
11:28:06,2.05081,418.183
11:28:07,2.04856,418.701
11:28:08,2.05288,418.006
11:28:09,2.04995,418.435
11:28:10,2.05192,418.052
11:28:11,2.04876,417.936
11:28:12,2.05054,418.464
11:28:13,2.05292,418.592
11:28:14,2.0529,418.775
11:28:15,2.0528,419.135
11:28:16,2.05088,417.411
11:28:17,2.05184,417.847
11:28:18,2.04974,417.844
11:28:19,2.04931,418.317
11:28:20,2.0527,419.148
11:28:21,2.05064,418.388
11:28:22,2.05329,418.703
11:28:23,2.05162,419.374
11:28:24,2.05087,419.338
11:28:25,2.05454,419.097
11:28:26,2.05253,419.66
11:28:27,2.05176,419.253
11:28:28,2.04866,419.293
11:28:29,2.05234,420.017
11:28:30,2.0504,418.892
11:28:31,2.05364,419.01
11:28:32,2.0564,418.501
11:28:33,2.0566,419.487
11:28:34,2.05402,418.719
11:28:35,2.05327,419.534
11:28:36,2.05201,418.944
11:28:37,2.05682,418.553
11:28:38,2.05135,418.212
11:28:39,2.051,418.555
11:28:40,2.0527,418.612
11:28:41,2.05437,418.669
11:28:42,2.05014,418.222
11:28:43,2.05525,418.831
11:28:44,2.05135,419.405
11:28:45,2.05031,420.276
11:28:46,2.05025,425.344
11:28:47,2.05618,434.752
11:28:48,2.06597,438.12
11:28:49,2.0607,439.272
11:28:50,2.06152,442.578
11:28:51,2.07441,443.518
11:28:52,2.06422,441.459
11:28:53,2.06156,434.649
11:28:54,2.06103,429.162
11:28:55,2.06076,427.332
11:28:56,2.05253,423.56
11:28:57,2.04739,422.66
11:28:58,2.05228,421.472
11:28:59,2.05589,420.334
11:29:00,2.0522,420.269
11:29:01,2.0497,418.59
11:29:02,2.05136,420.187
11:29:03,2.05375,421.308
11:29:04,2.05154,422.753
11:29:05,2.05686,422.943
11:29:06,2.0525,421.321
11:29:07,2.05408,420.322
11:29:08,2.04952,419.383
11:29:09,2.05365,419.433
11:29:10,2.05137,420.683
11:29:11,2.05352,422.516
11:29:12,2.05154,421.886
11:29:13,2.05275,420.57
11:29:14,2.0491,421.534
11:29:15,2.05299,424.035
11:29:16,2.04465,429.434
11:29:17,2.06026,432.12
11:29:18,2.06253,428.62
11:29:19,2.05727,425.851
11:29:20,2.05554,424.356
11:29:21,2.05484,423.162
11:29:22,2.05491,422.385
11:29:23,2.05016,422.569
11:29:24,2.05412,420.791
11:29:25,2.049,422.472
11:29:26,2.05022,428.817
11:29:27,2.05496,430.45
11:29:28,2.05404,431.639
11:29:29,2.06118,427.842
11:29:30,2.05845,423.741
11:29:31,2.0446,422.349
11:29:32,2.04834,422.982
11:29:33,2.05228,425.072
11:29:34,2.05545,426.045
11:29:35,2.05602,424.923
11:29:36,2.05973,421.311
11:29:37,2.03951,422.604
11:29:38,2.05317,429.371
11:29:39,2.0545,435.786
11:29:40,2.05598,436.239
11:29:41,2.06008,432.627
11:29:42,2.05744,429
11:29:43,2.05557,426.824
11:29:44,2.0497,423.304
11:29:45,2.04866,424.483
11:29:46,2.05156,428.609
11:29:47,2.05622,428.924
11:29:48,2.05978,426.53
11:29:49,2.0553,423.653
11:29:50,2.0532,423.436
11:29:51,2.04825,422.697
11:29:52,2.04955,420.975
11:29:53,2.05196,420.487
11:29:54,2.05071,420.773
11:29:55,2.05048,418.312
11:29:56,2.04453,418.945
11:29:57,2.05032,419.383
11:29:58,2.05136,418.514
11:29:59,2.04677,418.927
11:30:00,2.04828,418.967
11:30:01,2.04801,418.318
11:30:02,2.04676,418.629
11:30:03,2.05115,418.927
11:30:04,2.04753,419.796
11:30:05,2.05099,419.508
11:30:06,2.04685,419.1
11:30:07,2.04879,419.756
11:30:08,2.04954,420.162
11:30:08,2.05053,420.505
11:30:09,2.04861,419.533
11:30:10,2.05043,419.775
11:30:11,2.04468,419.912
11:30:12,2.05197,419.578
11:30:13,2.04922,419.527
11:30:14,2.05031,419.998
11:30:15,2.0481,419.754
11:30:16,2.05317,419.232
11:30:17,2.04925,419.953
11:30:18,2.04935,419.408
11:30:19,2.05128,419.295
11:30:20,2.05044,418.933
11:30:21,2.04931,418.601
11:30:22,2.04832,418.302
11:30:23,2.05033,418.65
11:30:24,2.04966,419.197
11:30:25,2.0502,419.616
11:30:26,2.05287,420.883
11:30:27,2.04803,422.967
11:30:28,2.05413,425.132
11:30:29,2.05417,424.69
11:30:30,2.05606,422.639
11:30:31,2.05251,421.665
11:30:32,2.05161,420.326
11:30:33,2.04799,420.409
11:30:34,2.05241,419.794
11:30:35,2.04952,419.842
11:30:36,2.04825,419.213
11:30:37,2.05029,419.886
11:30:38,2.0521,426.561
11:30:39,2.05637,431.979
11:30:40,2.05792,437.461
11:30:41,2.05984,438.983
11:30:42,2.0621,438.85
11:30:43,2.06375,440.098
11:30:44,2.06352,435.477
11:30:45,2.05882,430.26
11:30:46,2.05788,433.331
11:30:47,2.06038,435.262
11:30:48,2.06056,432.352
11:30:49,2.05746,428.409
11:30:50,2.05512,425.734
11:30:51,2.05299,424.39
11:30:52,2.05372,424.162
11:30:53,2.05149,422.997
11:30:54,2.05057,422.555
11:30:55,2.05076,422.052
11:30:56,2.05082,421.958
11:30:57,2.05026,421.496
11:30:58,2.05101,421.385
11:30:59,2.05333,421.181
11:31:00,2.05007,421.002
11:31:01,2.05293,420.95
11:31:02,2.04956,420.465
11:31:03,2.04886,420.405
11:31:04,2.05268,419.719
11:31:05,2.05024,419.65
11:31:06,2.0503,419.799
11:31:07,2.05067,419.857
11:31:08,2.04995,419.915
11:31:09,2.04937,419.522
11:31:10,2.0493,419.991
11:31:11,2.04823,419.238
11:31:12,2.04724,419.472
11:31:13,2.04998,419.299
11:31:14,2.04961,419.392
11:31:15,2.04939,418.437
11:31:16,2.04727,418.763
11:31:17,2.04857,418.985
11:31:18,2.04996,418.369
11:31:19,2.04751,419.043
11:31:20,2.04935,418.68
11:31:21,2.05109,419.124
11:31:22,2.04671,421.884
11:31:23,2.05134,424.913
11:31:24,2.05088,423.922
11:31:25,2.05243,422.479
11:31:26,2.05036,420.972
11:31:27,2.05107,420.235
11:31:28,2.05009,420.02
11:31:29,2.05011,420.154
11:31:30,2.05112,420.556
11:31:31,2.04879,420.243
11:31:32,2.04872,420.2
11:31:33,2.04877,419.499
11:31:34,2.04759,419.822
11:31:35,2.04718,419.822
11:31:36,2.05094,419.359
11:31:37,2.0497,419.462
11:31:38,2.05151,419.332
11:31:39,2.04836,419.19
11:31:40,2.04721,419.521
11:31:41,2.04962,419.333
11:31:42,2.04849,419.533
11:31:43,2.04915,419.034
11:31:44,2.05044,419.197
11:31:45,2.05141,419.23
11:31:46,2.04786,419.361
11:31:47,2.0499,419.345
11:31:48,2.04975,419.084
11:31:49,2.04837,419.842
11:31:50,2.05005,427.671
11:31:51,2.05422,430.435
11:31:52,2.0538,426.781
11:31:53,2.05022,423.99
11:31:54,2.04893,421.547
11:31:55,2.05002,420.984
11:31:56,2.04593,420.19
11:31:57,2.04915,420.098
11:31:58,2.04866,419.397
11:31:59,2.04837,419.018
11:32:00,2.0487,419.919
11:32:01,2.05118,418.636
11:32:02,2.04759,419.057
11:32:03,2.0474,418.989
11:32:04,2.04696,418.529
11:32:05,2.04816,418.966
11:32:06,2.04618,418.925
11:32:07,2.04855,418.595
11:32:08,2.0459,419.278
11:32:09,2.04843,418.552
11:32:10,2.04736,418.592
11:32:11,2.04939,419.03
11:32:12,2.04714,419.209
11:32:13,2.05014,419.792
11:32:14,2.05,419.68
11:32:15,2.04836,419.617
11:32:16,2.04946,420.172
11:32:17,2.04969,419.905
11:32:18,2.05033,419.516
11:32:19,2.04714,421.214
11:32:20,2.04852,422.786
11:32:21,2.05019,421.382
11:32:22,2.05054,420.48
11:32:23,2.04921,420.414
11:32:24,2.04834,420.733
11:32:25,2.05088,420.562
11:32:26,2.04896,423.276
11:32:27,2.04856,422.053
11:32:28,2.04771,420.642
11:32:29,2.04958,420.115
11:32:30,2.04986,419.355
11:32:31,2.04765,418.873
11:32:32,2.04786,420.068
11:32:33,2.0487,427.066
11:32:34,2.05318,432.212
11:32:35,2.05354,431.956
11:32:36,2.05313,427.72
11:32:37,2.05381,424.779
11:32:38,2.05183,422.713
11:32:39,2.05021,421.716
11:32:40,2.04924,420.93
11:32:41,2.048,420.482
11:32:42,2.04823,419.699
11:32:43,2.05019,419.321
11:32:44,2.04916,419.402
11:32:45,2.04771,419.458
11:32:46,2.04826,419.501
11:32:47,2.04987,419.187
11:32:48,2.04663,419.288
11:32:49,2.05044,418.766
11:32:50,2.04729,418.922
11:32:51,2.04806,419.008
11:32:52,2.04859,420.689
11:32:53,2.05073,422.329
11:32:54,2.04996,422.52
11:32:55,2.04895,423.218
11:32:56,2.05038,424.313
11:32:57,2.05305,424.008
11:32:58,2.05416,422.636
11:32:59,2.05106,421.066
11:33:00,2.0483,420.724
11:33:01,2.05074,421.58
11:33:02,2.05028,422.401
11:33:03,2.04995,421.423
11:33:04,2.04913,421.229
11:33:05,2.049,421.63
11:33:06,2.048,421.028
11:33:07,2.04889,420.872
11:33:08,2.04711,421.332
11:33:09,2.04843,421.669
11:33:10,2.04812,421.437
11:33:11,2.05021,420.756
11:33:12,2.0481,420.544
11:33:13,2.04715,420.959
11:33:14,2.04683,420.873
11:33:15,2.04699,420.918
11:33:16,2.04771,420.767
11:33:17,2.0479,424.45
11:33:18,2.04919,425.629
11:33:19,2.05156,423.538
11:33:20,2.05021,422.632
11:33:21,2.04744,421.992
11:33:22,2.05037,421.567
11:33:23,2.05212,420.914
11:33:24,2.04878,420.538
11:33:25,2.04873,420.906
11:33:26,2.04981,421.33
11:33:27,2.05142,422.765
11:33:28,2.05329,424.41
11:33:29,2.05262,424.393
11:33:30,2.05143,423.269
11:33:31,2.05259,422.411
11:33:32,2.05053,421.598
11:33:33,2.0503,421.187
11:33:34,2.05126,421.277
11:33:35,2.05205,421.004
11:33:36,2.04991,420.408
11:33:37,2.04999,419.649
11:33:38,2.04906,419.279
11:33:39,2.05233,419.654
11:33:40,2.04894,419.127
11:33:41,2.05015,419.217
11:33:42,2.05118,419.872
11:33:43,2.04884,420.309
11:33:44,2.05038,420.316
11:33:45,2.05101,420.679
11:33:46,2.05392,420.248
11:33:47,2.05113,420.523
11:33:48,2.05198,420.539
11:33:48,2.05229,421.228
11:33:49,2.05233,420.774
11:33:50,2.05233,420.86
11:33:51,2.05107,420.769
11:33:52,2.04958,420.397
11:33:53,2.05111,420.927
11:33:54,2.05107,421.457
11:33:55,2.05303,421.485
11:33:56,2.05216,421.316
11:33:57,2.051,420.871
11:33:58,2.05066,420.923
11:33:59,2.05053,420.167
11:34:00,2.04854,420.214
11:34:01,2.05,420.133
11:34:02,2.04967,419.837
11:34:03,2.05181,420.395
11:34:04,2.04936,419.64
11:34:05,2.05118,425.655
11:34:06,2.05378,446.963
11:34:07,2.06666,483.279
11:34:08,2.08975,511.735
11:34:09,2.09514,546.79
11:34:10,2.10198,558.269
11:34:11,2.10506,542.986
11:34:12,2.10483,582.954
11:34:13,2.13737,645.482
11:34:14,2.17761,605.687
11:34:15,2.1472,573.503
11:34:16,2.12375,549.217
11:34:17,2.11017,536.966
11:34:18,2.10166,537.275
11:34:19,2.10272,537.204
11:34:20,2.10361,537.423
11:34:21,2.10232,537.261
11:34:22,2.10109,537.468
11:34:23,2.10225,536.887
11:34:24,2.10176,537.779
11:34:25,2.10086,537.243
11:34:26,2.10121,537.411
11:34:27,2.10158,537.677
11:34:28,2.10194,537.143
11:34:29,2.0998,525.385
11:34:30,2.06397,375.166
11:34:31,1.45375,238.023
11:34:32,0.915009,142.773
11:34:33,0.543526,86.6976
11:34:34,0.32203,54.1497
11:34:35,0.194507,35.4722
11:34:36,0.121774,24.3077
11:34:37,0.076616,17.9484
11:34:38,0.051857,14.2909
11:34:39,0.037619,11.9693
11:34:40,0.028851,10.6414
11:34:41,0.024741,9.8115
11:34:42,0.02205,9.73284
11:34:43,0.020182,9.26427
11:34:44,0.0192,8.73207
11:34:45,0.019775,8.98716
11:34:46,0.018387,8.78273
11:34:47,0.016789,8.44403
11:34:48,0.018216,8.3222
11:34:49,0.018042,8.28644
11:34:50,0.018079,8.17375
11:34:51,0.016009,8.63178
11:34:52,0.017206,8.28758
11:34:53,0.019484,8.03121
11:34:54,0.018121,8.13892
11:34:55,0.017212,8.4715
11:34:56,0.017928,8.1652
11:34:57,0.016189,8.30856
11:34:58,0.018901,8.51991
11:34:59,0.017803,8.56562
11:35:00,0.016729,8.20333
11:35:01,0.016931,8.56781
11:35:02,0.018379,8.34632
11:35:03,0.019989,8.89574
11:35:04,0.019622,8.13651
11:35:05,0.019346,8.75258
11:35:06,0.020761,8.52635
11:35:07,0.01921,8.83289
11:35:08,0.019856,8.42287
11:35:09,0.019174,8.60138
11:35:10,0.019362,8.70292
11:35:11,0.020105,8.79837
11:35:12,0.019383,8.58838
11:35:13,0.021798,9.1697
11:35:14,0.020089,9.52926
11:35:15,0.020523,9.25144
11:35:16,0.022698,9.79875
11:35:17,0.023546,10.4496
11:35:18,0.024373,10.6359
11:35:19,0.025133,10.6601
11:35:20,0.02481,11.2661
11:35:21,0.025325,11.7053
11:35:22,0.027516,11.7709
11:35:23,0.02769,12.2165
11:35:24,0.029344,12.5441
11:35:25,0.029322,12.5379
11:35:26,0.02818,12.8601
11:35:27,0.02952,12.8531
11:35:28,0.030307,13.2605
11:35:29,0.030194,13.6166
11:35:30,0.030699,13.5078
11:35:31,0.03063,14.051
11:35:32,0.03289,14.5122
11:35:33,0.032278,14.6002
11:35:34,0.034469,14.6987
11:35:35,0.032794,14.6313
11:35:36,0.033533,15.0787
11:35:37,0.03617,15.3881
11:35:38,0.036023,15.6047
11:35:39,0.036454,15.6872
11:35:40,0.03628,16.1963
11:35:41,0.037462,16.0066
11:35:42,0.036802,16.5486
11:35:43,0.036518,16.5634
11:35:44,0.03654,16.7833
11:35:45,0.037438,16.9959
11:35:46,0.037211,17.0815
11:35:47,0.037694,17.4147
11:35:48,0.038397,17.339
11:35:49,0.03821,17.511
11:35:50,0.038539,17.7877
11:35:51,0.038529,17.9991
11:35:52,0.038589,18.1629
11:35:53,0.040442,18.0595
11:35:54,0.039915,18.4589
11:35:55,0.03926,18.385
11:35:56,0.041547,18.7452
11:35:57,0.041489,18.7684
11:35:58,0.040877,18.9096
11:35:59,0.041694,19.2219
11:36:00,0.04119,19.0741
11:36:01,0.041721,19.4358
11:36:02,0.043842,19.6498
11:36:03,0.042971,19.4337
11:36:04,0.042676,19.9405
11:36:05,0.043964,19.9161
11:36:06,0.042333,20.3822
11:36:07,0.042187,20.8108
11:36:08,0.044513,21.3187
11:36:09,0.045363,21.614
11:36:10,0.047069,21.5142
11:36:11,0.046098,21.4839
11:36:12,0.045615,21.8811
11:36:13,0.046983,22.0553
11:36:14,0.047374,22.0705
11:36:15,0.046897,22.0824
11:36:16,0.047328,22.3958
11:36:17,0.046794,22.2851
11:36:18,0.047586,22.4909
11:36:19,0.047729,22.7899
11:36:20,0.047866,22.6342
11:36:21,0.049217,23.0805
11:36:22,0.047484,22.9501
11:36:23,0.047853,23.3627
11:36:24,0.048396,23.1304
11:36:25,0.048971,23.4029
11:36:26,0.048944,23.4667
11:36:27,0.048783,23.3889
11:36:28,0.049286,23.8836
11:36:29,0.05042,23.8547
11:36:30,0.05078,24.0185
11:36:31,0.05192,24.2432
11:36:32,0.051078,24.4799
11:36:33,0.050082,24.1862
11:36:34,0.050249,24.5086
11:36:35,0.051065,24.6891
11:36:36,0.050564,24.7757
11:36:37,0.051215,24.9833
11:36:38,0.051224,24.892
11:36:39,0.051346,25.2829
11:36:40,0.052196,25.3532
11:36:41,0.052984,25.3348
11:36:42,0.052197,25.3112
11:36:43,0.051736,25.4117
11:36:44,0.053342,25.5621
11:36:45,0.05251,25.6904
11:36:46,0.053746,26.194
11:36:47,0.053798,25.7774
11:36:48,0.054049,26.0402
11:36:49,0.05271,26.1667
11:36:50,0.053596,26.2272
11:36:51,0.054108,26.3511
11:36:52,0.05448,26.4707
11:36:53,0.054708,26.6668
11:36:54,0.05414,26.6348
11:36:55,0.0543,26.8729
11:36:56,0.054567,26.9508
11:36:57,0.055307,30.9633
11:36:58,0.050839,14.2706
11:36:59,0.024896,8.22271
11:37:00,0.019679,7.34628
11:37:01,0.017989,7.43169
11:37:02,0.017628,7.26493
11:37:03,0.017919,7.22976
11:37:04,0.017955,7.25024
11:37:05,0.018002,7.2335
11:37:06,0.017364,7.26125
11:37:07,0.017638,7.18177
11:37:08,0.016946,7.27905
11:37:09,0.017361,7.16033
11:37:10,0.017111,7.14563
11:37:11,0.016422,7.19484
11:37:12,0.017081,7.31349
11:37:13,0.017767,7.39834
11:37:14,0.017731,7.83108
11:37:15,0.017797,8.28903
11:37:16,0.018389,8.27809
11:37:17,0.019086,8.45202
11:37:18,0.018391,8.3055
11:37:19,0.019316,8.51422
11:37:20,0.019165,8.71576
11:37:21,0.018297,8.93083
11:37:21,0.018782,8.89358
11:37:22,0.018673,8.99228
11:37:23,0.018791,8.88861
11:37:24,0.020223,9.21917
11:37:25,0.020619,9.41972
11:37:26,0.020224,9.56931
11:37:27,0.019965,9.50706
11:37:28,0.019518,9.8436
11:37:29,0.019837,9.86315
11:37:30,0.020042,10.1141
11:37:31,0.021241,9.99533
11:37:32,0.021143,10.1252
11:37:33,0.020331,10.3627
11:37:34,0.020718,10.2856
11:37:35,0.01938,10.5506
11:37:36,0.02048,10.4222
11:37:37,0.020633,10.6835
11:37:38,0.021726,10.9522
11:37:39,0.021019,10.9499
11:37:40,0.021433,10.93
11:37:41,0.020935,11.1437
11:37:42,0.021705,11.0585
11:37:43,0.02176,11.1241
11:37:44,0.021011,11.3689
11:37:45,0.021834,11.4292
11:37:46,0.020936,11.7578
11:37:47,0.022901,11.721
11:37:48,0.022101,11.972
11:37:49,0.022308,12.0299
11:37:50,0.02276,11.9504
11:37:51,0.022793,12.0627
11:37:52,0.023842,12.1594
11:37:53,0.023236,12.3643
11:37:54,0.023368,12.2645
11:37:55,0.023377,12.3317
11:37:56,0.024527,12.591
11:37:57,0.02326,12.783
11:37:58,0.024501,12.7516
11:37:59,0.024915,12.8727
11:38:00,0.024513,12.7178
11:38:01,0.024635,13.224
11:38:02,0.023285,13.2925
11:38:03,0.024788,13.2737
11:38:04,0.025378,13.4747
11:38:05,0.024896,13.4582
11:38:06,0.02495,13.7043
11:38:07,0.02573,13.8956
11:38:08,0.026037,13.999
11:38:09,0.025876,13.8898
11:38:10,0.026037,13.9071
11:38:11,0.026407,14.2312
11:38:12,0.026778,14.3044
11:38:13,0.026648,14.428
11:38:14,0.026645,14.4167
11:38:15,0.02699,14.5033
11:38:16,0.026814,14.6122
11:38:17,0.02803,14.6962
11:38:18,0.027497,14.7577
11:38:19,0.027251,15.1478
11:38:20,0.027842,15.0927
11:38:21,0.028499,15.2217
11:38:22,0.027378,15.067
11:38:23,0.027243,15.228
11:38:24,0.028634,15.4403
11:38:25,0.027813,15.487
11:38:26,0.028781,15.6178
11:38:27,0.028475,15.6431
11:38:28,0.029125,15.7729
11:38:29,0.029157,16.0265
11:38:30,0.027927,15.9562
11:38:31,0.028628,16.1346
11:38:32,0.028915,16.236
11:38:33,0.028769,16.33
11:38:34,0.028787,16.5511
11:38:35,0.029909,16.5481
11:38:36,0.029349,16.7681
11:38:37,0.02951,16.4096
11:38:38,0.029886,16.7218
11:38:39,0.029994,16.7886
11:38:40,0.03032,16.9324
11:38:41,0.031589,17.0358
11:38:42,0.03073,17.2251
11:38:43,0.031079,17.1305
11:38:44,0.03134,17.2554
11:38:45,0.0313,17.4665
11:38:46,0.031465,17.4957
11:38:47,0.032053,17.764
11:38:48,0.032486,17.6483
11:38:49,0.032022,17.8844
11:38:50,0.032114,18.0412
11:38:51,0.03262,17.9856
11:38:52,0.032468,17.8437
11:38:53,0.032591,17.9774
11:38:54,0.032691,18.3674
11:38:55,0.031891,18.306
11:38:56,0.032959,18.2783
11:38:57,0.033271,18.6139
11:38:58,0.033712,18.7257
11:38:59,0.032997,18.8393
11:39:00,0.033875,18.6757
11:39:01,0.033103,19.0617
11:39:02,0.032256,19.0053
11:39:03,0.033171,19.0591
11:39:04,0.03404,19.3689
11:39:05,0.034286,19.3135
11:39:06,0.033921,19.533
11:39:07,0.034557,19.6904
11:39:08,0.034188,19.3876
11:39:09,0.034429,19.6718
11:39:10,0.033876,19.6431
11:39:11,0.035512,19.765
11:39:12,0.034429,19.9391
11:39:13,0.035629,19.9004
11:39:14,0.034833,20.114
11:39:15,0.035204,23.5315
11:39:16,0.033103,10.6656
11:39:17,0.019609,7.88911
11:39:18,0.01782,7.95101
11:39:19,0.018819,7.82489
11:39:20,0.018603,7.88755
11:39:21,0.019133,7.99875
11:39:22,0.018733,7.84207
11:39:23,0.01843,7.93293
11:39:24,0.018942,7.79639
11:39:25,0.020154,7.7337
11:39:26,0.018208,7.96779
11:39:27,0.019327,8.03852
11:39:28,0.019717,7.72254
11:39:29,0.018997,7.77371
11:39:30,0.018617,7.78679
11:39:31,0.018438,7.74713
11:39:32,0.017836,7.81552
11:39:33,0.019079,7.93969
11:39:34,0.018632,7.70307
11:39:35,0.017773,7.95628
11:39:36,0.01844,8.03296
11:39:37,0.020008,7.63438
11:39:38,0.018866,7.68439
11:39:39,0.018772,7.78445
11:39:40,0.019384,7.63048
11:39:41,0.017878,7.87365
11:39:42,0.017795,7.31101
11:39:43,0.017835,7.77945
11:39:44,0.017979,8.01186
11:39:45,0.019256,8.21995
11:39:46,0.019124,8.24254
11:39:47,0.018774,8.20344
11:39:48,0.018323,8.24805
11:39:49,0.019964,8.22005
11:39:50,0.018919,8.40669
11:39:51,0.018523,8.57201
11:39:52,0.020016,8.83463
11:39:53,0.020014,8.34148
11:39:54,0.020229,8.66246
11:39:55,0.020641,8.55039
11:39:56,0.020796,8.53139
11:39:57,0.020788,8.79264
11:39:58,0.020107,8.96726
11:39:59,0.020374,9.17969
11:40:00,0.021501,9.37776
11:40:01,0.019199,9.32453
11:40:02,0.021595,9.52347
11:40:03,0.019354,9.27018
11:40:04,0.02029,9.57397
11:40:05,0.020937,9.56727
11:40:06,0.021515,9.40254
11:40:07,0.022587,9.99989
11:40:08,0.021361,9.76692
11:40:09,0.021427,9.73853
11:40:10,0.021873,9.95961
11:40:11,0.021677,9.93289
11:40:12,0.020912,9.86416
11:40:13,0.022634,10.3074
11:40:14,0.022251,10.4306
11:40:15,0.021112,10.4581
11:40:16,0.023402,10.6104
11:40:17,0.023977,10.7915
11:40:18,0.023525,10.4955
11:40:19,0.02329,10.8734
11:40:20,0.022283,10.3633
11:40:21,0.022321,10.7726
11:40:22,0.022596,10.9709
11:40:23,0.024082,11.2834
11:40:24,0.025164,11.1889
11:40:25,0.023482,11.4641
11:40:26,0.022684,11.2691
11:40:27,0.023537,11.3741
11:40:28,0.023994,11.5241
11:40:29,0.025535,11.408
11:40:30,0.024089,11.4728
11:40:31,0.024669,11.6619
11:40:32,0.024507,11.7623
11:40:33,0.025098,11.7959
11:40:34,0.024853,11.8342
11:40:35,0.024108,11.7902
11:40:36,0.024157,11.9999
11:40:36,0.024976,12.1388
11:40:37,0.024922,12.1363
11:40:38,0.025021,12.2504
11:40:39,0.043301,17.9256
11:40:40,0.474105,24.9315
11:40:41,1.05626,27.0138
11:40:42,1.19008,27.1166
11:40:43,1.23663,27.8123
11:40:44,1.26578,28.5155
11:40:45,1.29191,28.347
11:40:46,1.31452,28.5879
11:40:47,1.33311,29.2504
11:40:48,1.34724,29.1502
11:40:49,1.36276,29.4905
11:40:50,1.37615,29.6581
11:40:51,1.38804,29.9737
11:40:52,1.40077,30.1621
11:40:53,1.41157,30.3302
11:40:54,1.42172,30.1965
11:40:55,1.43226,30.7991
11:40:56,1.44029,30.967
11:40:57,1.44873,30.9095
11:40:58,1.45679,30.9222
11:40:59,1.46477,31.2267
11:41:00,1.47302,31.4899
11:41:01,1.4797,31.7167
11:41:02,1.48629,31.9354
11:41:03,1.49239,31.7619
11:41:04,1.49732,31.9536
11:41:05,1.50407,32.2085
11:41:06,1.51088,32.1399
11:41:07,1.51437,32.4667
11:41:08,1.52057,32.4968
11:41:09,1.52499,32.2575
11:41:10,1.52992,32.723
11:41:11,1.5327,32.8996
11:41:12,1.53721,32.9207
11:41:13,1.54085,33.0306
11:41:14,1.54465,33.1538
11:41:15,1.54768,33.4186
11:41:16,1.55058,33.2407
11:41:17,1.55525,33.4335
11:41:18,1.55718,33.5162
11:41:19,1.56013,33.7277
11:41:20,1.56197,33.8211
11:41:21,1.5647,33.9769
11:41:22,1.56614,34.0712
11:41:23,1.56969,34.2551
11:41:24,1.5719,34.1431
11:41:25,1.57382,34.1242
11:41:26,1.5758,34.5146
11:41:27,1.57755,34.5386
11:41:28,1.5791,34.543
11:41:29,1.58068,34.5123
11:41:30,1.58222,34.584
11:41:31,1.58399,34.9682
11:41:32,1.58543,35.0632
11:41:33,1.58673,34.9553
11:41:34,1.58615,35.0643
11:41:35,1.58888,35.2132
11:41:36,1.5897,35.3789
11:41:37,1.59199,35.2275
11:41:38,1.59214,35.2524
11:41:39,1.59305,35.3078
11:41:40,1.59324,35.6541
11:41:41,1.59573,35.6248
11:41:42,1.5961,35.6962
11:41:43,1.59739,35.7896
11:41:44,1.59654,35.8828
11:41:45,1.59821,35.9688
11:41:46,1.59817,36.0718
11:41:47,1.59921,36.0541
11:41:48,1.59987,36.1802
11:41:49,1.60054,36.0922
11:41:50,1.60116,36.4389
11:41:51,1.60167,36.3154
11:41:52,1.60188,36.5763
11:41:53,1.60293,36.5898
11:41:54,1.60341,36.7126
11:41:55,1.60497,36.9512
11:41:56,1.60391,36.8564
11:41:57,1.6027,37.0185
11:41:58,1.60469,37.0634
11:41:59,1.60561,36.9426
11:42:00,1.60518,37.3407
11:42:01,1.60485,37.3459
11:42:02,1.60562,37.226
11:42:03,1.60594,37.3711
11:42:04,1.60701,37.3618
11:42:05,1.60642,37.5006
11:42:06,1.60665,37.6604
11:42:07,1.60717,37.6321
11:42:08,1.60765,37.8536
11:42:09,1.60739,37.8419
11:42:10,1.6068,37.8322
11:42:11,1.60779,37.9268
11:42:12,1.60813,38.1461
11:42:13,1.60813,37.8822
11:42:14,1.6077,38.2159
11:42:15,1.60854,38.2584
11:42:16,1.60792,38.4615
11:42:17,1.60907,38.2571
11:42:18,1.60865,38.4443
11:42:19,1.60861,38.5083
11:42:20,1.60936,38.4743
11:42:21,1.6088,38.5757
11:42:22,1.60904,38.7157
11:42:23,1.60942,38.7183
11:42:24,1.60855,38.6477
11:42:25,1.61071,38.9505
11:42:26,1.61005,38.9921
11:42:27,1.61115,39.0654
11:42:28,1.60831,39.3436
11:42:29,1.60969,39.0822
11:42:30,1.60928,39.3014
11:42:31,1.60969,39.1296
11:42:32,1.61023,39.3881
11:42:33,1.61156,39.8158
11:42:34,1.60989,39.5794
11:42:35,1.61097,39.57
11:42:36,1.60921,39.731
11:42:37,1.61133,40.1416
11:42:38,1.60995,40.027
11:42:39,1.61099,39.9853
11:42:40,1.61089,40.1981
11:42:41,1.60954,40.2935
11:42:42,1.61054,39.9509
11:42:43,1.6103,40.1279
11:42:44,1.61055,40.2592
11:42:45,1.61161,40.2047
11:42:46,1.61065,40.4428
11:42:47,1.60936,40.3337
11:42:48,1.61164,40.5554
11:42:49,1.61081,40.4972
11:42:50,1.60988,40.7314
11:42:51,1.60939,40.7773
11:42:52,1.60939,40.7409
11:42:53,1.61172,40.9515
11:42:54,1.61127,41.1038
11:42:55,1.61121,41.1271
11:42:56,1.61105,40.937
11:42:57,1.61117,41.2775
11:42:58,1.61022,41.3166
11:42:59,1.61006,41.4797
11:43:00,1.61001,41.427
11:43:01,1.61028,41.4988
11:43:02,1.61186,41.6432
11:43:03,1.61095,41.7248
11:43:04,1.6092,35.0343
11:43:05,0.756601,12.1287
11:43:06,0.098609,8.15138
11:43:07,0.025425,7.56238
11:43:08,0.018496,7.53877
11:43:09,0.018911,7.98693
11:43:10,0.017952,7.98556
11:43:11,0.017778,7.62603
11:43:12,0.019075,7.95017
11:43:13,0.018446,7.81688
11:43:14,0.018092,7.73458
11:43:15,0.018739,7.81554
11:43:16,0.018188,7.62709
11:43:17,0.018615,7.91167
11:43:18,0.017662,7.75968
11:43:19,0.018382,7.75684
11:43:20,0.017809,7.75471
11:43:21,0.0188,7.8564
11:43:22,0.019042,7.88643
11:43:23,0.025463,8.09219
11:43:24,0.026735,8.15941
11:43:25,0.028701,8.40178
11:43:26,0.029528,8.51691
11:43:27,0.031188,8.38637
11:43:28,0.031768,8.43529
11:43:29,0.03299,8.49861
11:43:30,0.033594,8.86472
11:43:31,0.033012,8.72384
11:43:32,0.034026,8.97911
11:43:33,0.034801,8.90326
11:43:34,0.035855,9.12043
11:43:35,0.036474,9.24337
11:43:36,0.037486,9.10511
11:43:37,0.038224,9.18916
11:43:38,0.038205,9.34182
11:43:39,0.039411,9.42742
11:43:40,0.039281,9.47296
11:43:41,0.039534,9.61726
11:43:42,0.040762,9.71708
11:43:43,0.040878,9.54929
11:43:44,0.04066,9.93224
11:43:45,0.041056,10.0345
11:43:46,0.041975,9.87135
11:43:47,0.042141,9.75457
11:43:48,0.04303,10.0627
11:43:49,0.043002,10.257
11:43:50,0.04305,10.2009
11:43:51,0.043422,10.4369
11:43:52,0.04368,10.3643
11:43:53,0.043826,10.5264
11:43:54,0.043795,10.6833
11:43:55,0.045206,10.6717
11:43:56,0.045744,10.5152
11:43:57,0.044733,10.7616
11:43:58,0.046053,10.6933
11:43:59,0.045645,10.7469
11:44:00,0.045476,10.9069
11:44:01,0.046361,10.9423
11:44:02,0.045875,11.162
11:44:03,0.046412,11.2132
11:44:04,0.046051,11.3932
11:44:05,0.047319,11.1251
11:44:05,0.047239,11.3014
11:44:06,0.047799,11.2876
11:44:07,0.048131,11.6387
11:44:08,0.047576,11.5503
11:44:09,0.047778,11.3878
11:44:10,0.049123,11.8399
11:44:11,0.047753,12.0239
11:44:12,0.049469,11.9241
11:44:13,0.049677,12.0193
11:44:14,0.049395,11.955
11:44:15,0.049736,12.2024
11:44:16,0.049161,14.5781
11:44:17,0.244417,23.3926
11:44:18,0.960238,26.3305
11:44:19,1.18448,26.8786
11:44:20,1.235,27.2882
11:44:21,1.26995,27.6527
11:44:22,1.3012,28.1209
11:44:23,1.32782,28.5201
11:44:24,1.34973,28.7036
11:44:25,1.37036,28.9609
11:44:26,1.38621,29.259
11:44:27,1.40276,29.2217
11:44:28,1.41729,29.6
11:44:29,1.42809,29.7234
11:44:30,1.44052,29.9762
11:44:31,1.45003,30.3431
11:44:32,1.46048,30.3417
11:44:33,1.46916,30.5273
11:44:34,1.47691,30.5629
11:44:35,1.48472,30.6092
11:44:36,1.49281,30.9726
11:44:37,1.50005,31.0212
11:44:38,1.50722,31.3093
11:44:39,1.51261,31.3776
11:44:40,1.51753,31.4777
11:44:41,1.52392,31.4824
11:44:42,1.52828,31.7382
11:44:43,1.53187,31.9652
11:44:44,1.53758,31.951
11:44:45,1.54144,32.0286
11:44:46,1.54442,32.2219
11:44:47,1.54897,32.3687
11:44:48,1.55095,32.3843
11:44:49,1.55423,32.3392
11:44:50,1.55709,32.5022
11:44:51,1.55917,32.605
11:44:52,1.56175,32.8351
11:44:53,1.5643,32.956
11:44:54,1.5657,32.8915
11:44:55,1.56964,32.9099
11:44:56,1.57037,33.1373
11:44:57,1.57227,33.2525
11:44:58,1.57301,33.2661
11:44:59,1.57546,33.3647
11:45:00,1.57653,33.3754
11:45:01,1.57768,33.4424
11:45:02,1.57956,33.5363
11:45:03,1.57943,33.7703
11:45:04,1.58098,33.6776
11:45:05,1.58251,33.6585
11:45:06,1.58307,33.7265
11:45:07,1.58415,33.6721
11:45:08,1.58398,34.0432
11:45:09,1.58533,34.1523
11:45:10,1.58621,33.9951
11:45:11,1.58779,34.2511
11:45:12,1.58775,34.1282
11:45:13,1.58688,34.4617
11:45:14,1.58893,34.4723
11:45:15,1.58943,34.6442
11:45:16,1.58855,34.34
11:45:17,1.58959,34.6864
11:45:18,1.59133,34.4772
11:45:19,1.59022,34.6376
11:45:20,1.59032,34.6769
11:45:21,1.59149,34.8081
11:45:22,1.59072,34.9314
11:45:23,1.59191,34.9453
11:45:24,1.59147,35.2109
11:45:25,1.59226,35.2047
11:45:26,1.59144,35.1933
11:45:27,1.59294,35.3016
11:45:28,1.59216,35.2086
11:45:29,1.59411,35.1689
11:45:30,1.59402,35.5571
11:45:31,1.5935,35.2577
11:45:32,1.59405,35.3612
11:45:33,1.5936,35.7211
11:45:34,1.59314,35.7199
11:45:35,1.59385,35.8316
11:45:36,1.59433,35.7942
11:45:37,1.59263,35.992
11:45:38,1.59415,35.9937
11:45:39,1.59363,36.1
11:45:40,1.59331,35.9227
11:45:41,1.59408,36.0725
11:45:42,1.5937,36.1944
11:45:43,1.59427,36.2865
11:45:44,1.59328,36.2226
11:45:45,1.59339,36.4719
11:45:46,1.59316,36.4227
11:45:47,1.59284,36.3887
11:45:48,1.59364,36.5037
11:45:49,1.5942,36.5162
11:45:50,1.59381,36.7389
11:45:51,1.59356,36.7105
11:45:52,1.59413,36.6606
11:45:53,1.59281,36.8654
11:45:54,1.59393,36.9321
11:45:55,1.5933,36.8456
11:45:56,1.59318,36.8697
11:45:57,1.59391,37.0307
11:45:58,1.59365,36.9555
11:45:59,1.59398,37.0649
11:46:00,1.59443,37.2395
11:46:01,1.59457,37.4604
11:46:02,1.59389,37.4118
11:46:03,1.59391,37.5347
11:46:04,1.5939,37.487
11:46:05,1.59502,37.3643
11:46:06,1.5937,37.5703
11:46:07,1.59502,37.5004
11:46:08,1.59323,37.8468
11:46:09,1.59428,37.8924
11:46:10,1.59463,37.8009
11:46:11,1.59455,38.0294
11:46:12,1.59457,37.9573
11:46:13,1.59413,38.1549
11:46:14,1.59402,38.2207
11:46:15,1.5941,38.1896
11:46:16,1.59515,38.2661
11:46:17,1.59406,38.2914
11:46:18,1.59417,38.5258
11:46:19,1.59507,38.3715
11:46:20,1.5947,38.3896
11:46:21,1.59399,38.6154
11:46:22,1.59481,38.6854
11:46:23,1.59393,38.8439
11:46:24,1.59382,38.6646
11:46:25,1.59554,38.821
11:46:26,1.59554,38.9329
11:46:27,1.59391,39.0335
11:46:28,1.59378,39.0157
11:46:29,1.5959,39.1103
11:46:30,1.59693,39.1851
11:46:31,1.59285,38.7956
11:46:32,1.38624,20.3643
11:46:33,0.260717,8.64903
11:46:34,0.03531,7.79982
11:46:35,0.018195,7.45241
11:46:36,0.01804,7.8201
11:46:37,0.017404,7.60224
11:46:38,0.01667,7.52168
11:46:39,0.01804,7.55271
11:46:40,0.017569,7.68949
11:46:41,0.017783,7.70557
11:46:42,0.017742,7.80815
11:46:43,0.017703,7.42064
11:46:44,0.017634,7.7547
11:46:45,0.018092,7.69526
11:46:46,0.017958,7.70775
11:46:47,0.018238,7.55839
11:46:48,0.016909,7.86537
11:46:49,0.021278,8.12342
11:46:50,0.026306,8.14565
11:46:51,0.029157,8.15339
11:46:52,0.029986,8.19142
11:46:53,0.030265,8.31866
11:46:54,0.031564,8.38033
11:46:55,0.032657,8.29918
11:46:56,0.032901,8.39328
11:46:57,0.033295,8.48089
11:46:58,0.034106,8.56361
11:46:59,0.035462,8.68682
11:47:00,0.035215,8.98126
11:47:01,0.036118,8.87487
11:47:02,0.037434,8.89618
11:47:03,0.036803,9.17503
11:47:04,0.037567,9.07345
11:47:05,0.037578,9.21373
11:47:06,0.037774,9.13384
11:47:07,0.039235,9.3061
11:47:08,0.039637,9.44229
11:47:09,0.039768,9.64604
11:47:10,0.03985,9.53511
11:47:11,0.039809,9.58203
11:47:12,0.040805,9.71159
11:47:13,0.041126,9.76682
11:47:14,0.041761,9.8457
11:47:15,0.042462,9.94652
11:47:16,0.042953,9.98403
11:47:17,0.043174,9.87619
11:47:18,0.042942,10.1403
11:47:19,0.04364,10.2157
11:47:20,0.043324,10.3834
11:47:21,0.043439,10.3823
11:47:22,0.043773,10.6058
11:47:23,0.04381,10.4733
11:47:24,0.044824,10.5822
11:47:25,0.044382,10.6453
11:47:26,0.04559,10.7566
11:47:27,0.044906,10.8878
11:47:28,0.04513,10.8328
11:47:29,0.044922,10.7552
11:47:30,0.046487,10.9762
11:47:31,0.046836,11.1434
11:47:32,0.04683,11.2034
11:47:33,0.046944,11.201
11:47:34,0.04641,11.0801
11:47:35,0.047677,11.2697
11:47:36,0.048502,11.3816
11:47:37,0.046891,11.3512
11:47:38,0.047123,11.3931
11:47:39,0.048094,11.5813
11:47:40,0.048032,11.71
11:47:41,0.048716,11.6524
11:47:42,0.048759,11.7462
11:47:43,0.048239,11.9947
11:47:44,0.049255,11.8824
11:47:45,0.050011,11.9245
11:47:46,0.049597,11.9137
11:47:47,0.050169,12.1505
11:47:48,0.049932,12.2052
11:47:49,0.050074,12.3423
11:47:50,0.05055,12.406
11:47:51,0.049912,12.4447
11:47:52,0.050614,12.5012
11:47:53,0.051471,12.5709
11:47:54,0.051426,12.5079
11:47:55,0.050682,12.5965
11:47:56,0.052273,12.4927
11:47:57,0.051545,12.7169
11:47:58,0.05184,12.6317
11:47:59,0.051529,12.9465
11:48:00,0.052,13.0689
11:48:01,0.051117,13.0901
11:48:02,0.05226,13.0061
11:48:03,0.052461,13.3966
11:48:04,0.052959,13.2474
11:48:05,0.053269,13.2871
11:48:06,0.05264,13.4437
11:48:07,0.054214,13.4349
11:48:08,0.053742,13.4526
11:48:09,0.053951,13.602
11:48:10,0.053276,13.7652
11:48:11,0.054639,13.755
11:48:12,0.053812,13.8319
11:48:13,0.055177,13.6499
11:48:14,0.054416,13.9411
11:48:15,0.054905,14.0436
11:48:16,0.055463,14.1529
11:48:17,0.055095,14.2903
11:48:18,0.055436,14.2172
11:48:19,0.055021,14.2902
11:48:20,0.055338,14.4076
11:48:21,0.056691,14.3162
11:48:22,0.056257,14.3231
11:48:22,0.054871,14.5102
11:48:23,0.056454,14.6452
11:48:24,0.057065,14.4919
11:48:25,0.056535,14.7893
11:48:26,0.057038,14.7705
11:48:27,0.056904,14.8771
11:48:28,0.057739,14.8704
11:48:29,0.057336,14.9249
11:48:30,0.057065,15.1367
11:48:31,0.058286,15.128
11:48:32,0.058751,15.0382
11:48:33,0.057482,15.2599
11:48:34,0.06445,18.9911
11:48:35,0.353165,25.6637
11:48:36,0.896196,27.9322
11:48:37,1.08501,28.4584
11:48:38,1.12977,29.0173
11:48:39,1.16181,29.3553
11:48:40,1.18734,29.6578
11:48:41,1.2098,29.9704
11:48:42,1.23002,30.1204
11:48:43,1.24786,30.3424
11:48:44,1.26441,30.4296
11:48:45,1.27995,30.6865
11:48:46,1.29213,31.0105
11:48:47,1.30587,31.2279
11:48:48,1.31761,31.4332
11:48:49,1.32792,31.3101
11:48:50,1.33886,31.7041
11:48:51,1.34923,31.9244
11:48:52,1.35679,32.1013
11:48:53,1.36553,32.0002
11:48:54,1.37518,32.4369
11:48:55,1.38144,32.4665
11:48:56,1.38977,32.5163
11:48:57,1.3963,32.6224
11:48:58,1.40308,32.7872
11:48:59,1.40977,32.8429
11:49:00,1.41519,33.0148
11:49:01,1.42013,32.8899
11:49:02,1.42671,33.2841
11:49:03,1.43101,33.4388
11:49:04,1.4366,33.7078
11:49:05,1.44056,33.3303
11:49:06,1.44434,33.5912
11:49:07,1.44883,33.8276
11:49:08,1.45421,33.8166
11:49:09,1.45468,33.9661
11:49:10,1.4582,33.9982
11:49:11,1.46186,33.9308
11:49:12,1.46537,34.203
11:49:13,1.46894,34.5579
11:49:14,1.47015,34.506
11:49:15,1.47595,34.7345
11:49:16,1.47585,34.9069
11:49:17,1.47934,34.8289
11:49:18,1.4819,34.8146
11:49:19,1.48406,34.7184
11:49:20,1.48481,34.9281
11:49:21,1.48719,35.0658
11:49:22,1.48787,35.0277
11:49:23,1.49002,35.3873
11:49:24,1.49272,35.3634
11:49:25,1.49257,35.5977
11:49:26,1.49575,35.4394
11:49:27,1.49533,35.8114
11:49:28,1.49684,35.5719
11:49:29,1.49947,36.1565
11:49:30,1.50187,35.7294
11:49:31,1.50195,36.0681
11:49:32,1.50245,35.8051
11:49:33,1.50479,35.9142
11:49:34,1.50408,35.8151
11:49:35,1.50648,36.2367
11:49:36,1.50709,36.0838
11:49:37,1.50624,36.2028
11:49:38,1.50785,36.4064
11:49:39,1.50915,36.1258
11:49:40,1.5108,36.5839
11:49:41,1.50904,36.7303
11:49:42,1.51121,36.7452
11:49:43,1.51072,36.5539
11:49:44,1.51037,36.5444
11:49:45,1.51063,36.7444
11:49:46,1.51205,36.9229
11:49:47,1.51482,36.9131
11:49:48,1.5121,37.1971
11:49:49,1.51535,37.2158
11:49:50,1.51491,37.4947
11:49:51,1.51434,37.3798
11:49:52,1.51377,37.2261
11:49:53,1.51557,37.1973
11:49:54,1.51447,37.8533
11:49:55,1.51483,37.1703
11:49:56,1.51566,37.602
11:49:57,1.51619,37.2298
11:49:58,1.51654,37.5706
11:49:59,1.51545,37.7726
11:50:00,1.51476,37.7611
11:50:01,1.51804,37.6356
11:50:02,1.51672,37.8967
11:50:03,1.51932,37.9743
11:50:04,1.51806,37.9391
11:50:05,1.51984,38.1262
11:50:06,1.52021,37.8078
11:50:07,1.51899,38.1663
11:50:08,1.51943,38.3777
11:50:09,1.519,38.1747
11:50:10,1.52011,38.6384
11:50:11,1.51922,38.4934
11:50:12,1.51794,38.6481
11:50:13,1.51914,38.6394
11:50:14,1.519,38.2251
11:50:15,1.51844,38.7586
11:50:16,1.51896,38.8391
11:50:17,1.51975,38.372
11:50:18,1.51844,38.6149
11:50:19,1.51842,38.6352
11:50:20,1.51879,38.8463
11:50:21,1.51865,39.0355
11:50:22,1.51838,39.0202
11:50:23,1.51923,39.1326
11:50:24,1.51707,39.1132
11:50:25,1.51899,39.2755
11:50:26,1.51793,38.9832
11:50:27,1.51969,39.2159
11:50:28,1.52046,39.3112
11:50:29,1.52082,39.2453
11:50:30,1.52008,39.3927
11:50:31,1.51956,39.3196
11:50:32,1.51924,39.6072
11:50:33,1.52035,39.6288
11:50:34,1.51864,39.7063
11:50:35,1.52143,39.5215
11:50:36,1.51995,39.7921
11:50:37,1.51679,40.2482
11:50:38,1.51854,33.5882
11:50:39,0.713043,12.0721
11:50:40,0.087437,8.56117
11:50:41,0.024654,7.77597
11:50:42,0.019199,7.60825
11:50:43,0.016679,7.81509
11:50:44,0.017075,7.55975
11:50:45,0.015761,7.99094
11:50:46,0.017264,7.47385
11:50:47,0.019046,7.65982
11:50:48,0.019088,7.56641
11:50:49,0.016457,7.5754
11:50:50,0.018037,7.98976
11:50:51,0.016319,7.85366
11:50:52,0.014509,8.29027
11:50:53,0.018756,7.9562
11:50:54,0.017439,7.66942
11:50:55,0.017919,7.99211
11:50:56,0.023832,8.1817
11:50:57,0.027354,8.48454
11:50:58,0.030494,8.32567
11:50:59,0.02828,8.11146
11:51:00,0.03093,8.22425
11:51:01,0.032124,8.35189
11:51:02,0.03355,8.55457
11:51:03,0.032772,8.22336
11:51:04,0.035973,8.8254
11:51:05,0.032917,8.66311
11:51:06,0.033875,9.16023
11:51:07,0.039198,8.87591
11:51:08,0.036093,9.07893
11:51:09,0.036729,9.30453
11:51:10,0.038734,8.82264
11:51:11,0.038942,8.98086
11:51:12,0.038909,9.20424
11:51:13,0.040901,9.09904
11:51:14,0.04151,9.14362
11:51:15,0.041644,9.577
11:51:16,0.039914,9.41175
11:51:17,0.040048,9.58697
11:51:18,0.041476,9.79516
11:51:19,0.040801,10.0879
11:51:20,0.042699,9.62316
11:51:21,0.040981,9.88643
11:51:22,0.044387,10.1165
11:51:23,0.042173,10.2334
11:51:24,0.043827,9.97611
11:51:25,0.041814,9.99477
11:51:26,0.043566,10.3451
11:51:27,0.042253,10.197
11:51:28,0.04278,10.2726
11:51:29,0.043305,10.5696
11:51:30,0.043501,10.3532
11:51:31,0.044418,10.0451
11:51:32,0.043956,10.3913
11:51:33,0.04491,10.6292
11:51:34,0.044927,10.3583
11:51:35,0.04719,11.2095
11:51:36,0.045593,10.8693
11:51:37,0.046003,10.77
11:51:38,0.046429,11.047
11:51:39,0.046986,10.8848
11:51:40,0.044936,10.7669
11:51:41,0.047921,10.9697
11:51:42,0.047987,10.6982
11:51:43,0.046119,11.3492
11:51:44,0.048372,11.5704
11:51:45,0.048678,11.8006
11:51:46,0.047859,11.606
11:51:47,0.048383,11.8609
11:51:48,0.049186,11.3287
11:51:49,0.048295,11.2886
11:51:50,0.046898,11.7179
11:51:51,0.047633,11.9392
11:51:52,0.049208,11.9889
11:51:53,0.048279,12.1527
11:51:54,0.049368,11.6512
11:51:54,0.051072,12.0683
11:51:55,0.050206,12.051
11:51:56,0.050863,14.0916
11:51:57,1.63913,23.411
11:51:58,9.01566,34.4807
11:51:59,18.58,36.6214
11:52:00,20.8041,37.4968
11:52:01,21.7224,38.4626
11:52:02,22.4176,39.7401
11:52:03,23.0141,39.9499
11:52:04,23.5184,40.3839
11:52:05,23.9719,40.5177
11:52:06,24.3244,40.8306
11:52:07,24.6803,41.8045
11:52:08,24.9814,41.8621
11:52:09,25.2616,41.7359
11:52:10,25.5375,42.2829
11:52:11,25.7586,42.6723
11:52:12,25.9706,43.0268
11:52:13,26.1724,43.1329
11:52:14,26.337,43.207
11:52:15,26.5167,43.6397
11:52:16,26.66,44.1345
11:52:17,26.8045,43.8423
11:52:18,26.9439,44.2845
11:52:19,27.0508,44.4008
11:52:20,27.1675,44.6377
11:52:21,27.2741,44.5626
11:52:22,27.3614,44.8837
11:52:23,27.4561,45.0101
11:52:24,27.5271,44.9584
11:52:25,27.6157,45.2544
11:52:26,27.6783,45.3848
11:52:27,27.7339,45.6726
11:52:28,27.8084,45.6345
11:52:29,27.8537,45.5213
11:52:30,27.8901,45.7461
11:52:31,27.9492,45.7718
11:52:32,27.972,45.7611
11:52:33,28.0188,45.9734
11:52:34,28.0597,46.2768
11:52:35,28.0845,46.1764
11:52:36,28.1269,46.3045
11:52:37,28.1453,46.4061
11:52:38,28.1771,46.4002
11:52:39,28.1918,46.3677
11:52:40,28.2086,46.9356
11:52:41,28.2297,46.8204
11:52:42,28.2439,46.757
11:52:43,28.2652,47.222
11:52:44,28.2874,46.9318
11:52:45,28.2829,46.6844
11:52:46,28.3106,46.8239
11:52:47,28.3215,47.3104
11:52:48,28.314,47.27
11:52:49,28.3357,47.4145
11:52:50,28.3361,47.4603
11:52:51,28.3476,47.8875
11:52:52,28.3624,47.6545
11:52:53,28.3607,47.5924
11:52:54,28.3676,47.7484
11:52:55,28.3789,47.6347
11:52:56,28.3674,47.8906
11:52:57,28.3911,47.6731
11:52:58,28.3755,47.888
11:52:59,28.3767,48.1482
11:53:00,28.3939,47.7919
11:53:01,28.3788,47.8724
11:53:02,28.3867,48.1175
11:53:03,28.3963,48.0516
11:53:04,28.3936,47.906
11:53:05,28.4006,48.5047
11:53:06,28.3948,48.4409
11:53:07,28.3864,48.5253
11:53:08,28.3868,48.4111
11:53:09,28.3897,48.294
11:53:10,28.3934,48.5274
11:53:11,28.4038,48.8423
11:53:12,28.3888,48.359
11:53:13,28.4025,48.7408
11:53:14,28.3903,48.5757
11:53:15,28.3888,48.9374
11:53:16,28.3973,48.6574
11:53:17,28.3881,48.988
11:53:18,28.3778,49.0973
11:53:19,28.3858,48.9298
11:53:20,28.3675,48.9854
11:53:21,28.3817,49.0801
11:53:22,28.3635,49.1782
11:53:23,28.3678,49.0461
11:53:24,28.3807,49.0789
11:53:25,28.3626,49.4216
11:53:26,28.3689,49.364
11:53:27,28.3459,49.3662
11:53:28,28.3657,49.5107
11:53:29,28.354,49.6243
11:53:30,28.3546,49.4428
11:53:31,28.3508,49.5469
11:53:32,28.3401,49.7896
11:53:33,28.355,49.7855
11:53:34,28.3588,49.663
11:53:35,28.3351,49.7557
11:53:36,28.3403,49.9761
11:53:37,28.3343,49.7763
11:53:38,28.3296,49.845
11:53:39,28.3337,49.7633
11:53:40,28.3283,49.8797
11:53:41,28.3365,49.7275
11:53:42,28.3363,50.0759
11:53:43,28.3217,50.2507
11:53:44,28.3293,50.3355
11:53:45,28.3132,50.3891
11:53:46,28.3196,50.5458
11:53:47,28.306,50.3329
11:53:48,28.3183,50.6256
11:53:49,28.2921,50.4148
11:53:50,28.3158,50.7144
11:53:51,28.3073,50.4432
11:53:52,28.3035,50.8658
11:53:53,28.2913,50.8755
11:53:54,28.3087,50.5299
11:53:55,28.2816,50.7248
11:53:56,28.2941,50.6705
11:53:57,28.2817,50.8517
11:53:58,28.29,51.0818
11:53:59,28.2742,50.8885
11:54:00,28.2881,50.7656
11:54:01,28.2764,51.066
11:54:02,28.2903,51.3205
11:54:03,28.2665,51.2112
11:54:04,28.2802,51.1274
11:54:05,28.2654,51.2819
11:54:06,28.2735,51.3831
11:54:07,28.2606,51.2394
11:54:08,28.2659,51.3425
11:54:09,28.2535,51.4724
11:54:10,28.264,51.3251
11:54:11,28.2539,51.6118
11:54:12,28.2634,51.5948
11:54:13,28.2548,51.6432
11:54:14,28.2476,51.4894
11:54:15,28.2502,52.0457
11:54:16,28.2425,51.6135
11:54:17,28.2337,51.8778
11:54:18,28.2452,51.7571
11:54:19,28.2285,52.0852
11:54:20,28.2353,51.872
11:54:21,28.2356,52.0265
11:54:22,28.2399,52.1465
11:54:23,28.2205,52.2786
11:54:24,28.2274,52.1678
11:54:25,28.2159,52.3384
11:54:26,28.2237,52.0353
11:54:27,28.2137,52.4015
11:54:28,28.2186,52.296
11:54:29,28.2071,52.2475
11:54:30,28.2248,52.3916
11:54:31,28.1999,52.4274
11:54:32,28.2146,52.5956
11:54:33,28.196,52.84
11:54:34,28.2071,52.7808
11:54:35,28.1947,52.5177
11:54:36,28.1989,52.9031
11:54:37,28.1947,52.7662
11:54:38,28.194,52.9593
11:54:39,28.1826,53.4534
11:54:40,29.0234,62.57
11:54:41,41.2047,41.2489
11:54:42,16.6452,22.5125
11:54:43,2.24968,8.61928
11:54:44,0.12082,7.87799
11:54:45,0.028386,7.92453
11:54:46,0.019882,8.02467
11:54:47,0.018863,7.80703
11:54:48,0.020224,7.48634
11:54:49,0.019526,7.69927
11:54:50,0.019571,7.72147
11:54:51,0.020063,7.69669
11:54:52,0.019947,7.84146
11:54:53,0.018925,7.93948
11:54:54,0.019566,7.77931
11:54:55,0.019189,7.91872
11:54:56,0.017888,7.73569
11:54:57,0.017815,7.51494
11:54:58,0.019325,7.50372
11:54:59,0.017681,8.1495
11:55:00,0.018254,7.84158
11:55:01,0.018681,7.32237
11:55:02,0.01853,7.86039
11:55:03,0.018928,7.88883
11:55:04,0.01718,7.56342
11:55:05,0.018934,7.47318
11:55:06,0.017082,7.95773
11:55:07,0.0174,7.60063
11:55:08,0.017,7.84288
11:55:09,0.01827,7.80518
11:55:10,0.017603,7.76055
11:55:11,0.01963,7.89609
11:55:12,0.017199,7.90498
11:55:13,0.018115,7.90671
11:55:14,0.017613,7.91244
11:55:15,0.018364,7.86629
11:55:16,0.01584,7.88819
11:55:17,0.016426,7.82796
11:55:18,0.048014,7.99947
11:55:19,0.087581,8.27059
11:55:20,0.099895,8.06653
11:55:21,0.103287,8.2139
11:55:22,0.109578,8.18874
11:55:23,0.116049,8.37245
11:55:24,0.119587,8.36969
11:55:25,0.123367,8.38532
11:55:26,0.129939,8.87141
11:55:27,0.133266,8.72404
11:55:28,0.138713,8.44393
11:55:29,0.142578,8.56234
11:55:30,0.148781,8.88326
11:55:31,0.152113,8.70447
11:55:32,0.154515,8.74166
11:55:33,0.158714,9.42787
11:55:34,0.165411,8.98257
11:55:35,0.168311,9.45696
11:55:36,0.167921,9.07417
11:55:37,0.172929,9.40924
11:55:38,0.176956,9.14122
11:55:39,0.178991,9.37381
11:55:40,0.18188,9.27968
11:55:41,0.183579,9.68136
11:55:42,0.186497,9.50733
11:55:43,0.188793,9.53999
11:55:44,0.19085,9.68265
11:55:45,0.194526,9.56327
11:55:46,0.196445,9.86181
11:55:47,0.198275,9.67881
11:55:48,0.20034,10.2358
11:55:49,0.202391,10.2147
11:55:50,0.205785,10.2628
11:55:51,0.206233,10.0492
11:55:52,0.208417,10.3052
11:55:53,0.210888,10.3435
11:55:54,0.21307,10.6357
11:55:55,0.214036,10.6627
11:55:56,0.21706,10.5513
11:55:56,0.218944,10.3931
11:55:57,0.219387,10.676
11:55:58,0.221033,10.5151
11:55:59,0.221802,10.68
11:56:00,0.226096,10.965
11:56:01,0.225627,10.6724
11:56:02,0.225917,11.1321
11:56:03,0.227418,10.8868
11:56:04,0.230692,10.7685
11:56:05,0.23194,10.9643
11:56:06,0.232796,11.4075
11:56:07,0.233031,11.1762
11:56:08,0.236539,11.218
11:56:09,0.236555,11.4761
11:56:10,0.237917,11.6354
11:56:11,0.239411,11.7193
11:56:12,0.240903,11.7808
11:56:13,0.243029,11.6093
11:56:14,0.244214,11.7133
11:56:15,0.243361,11.6863
11:56:16,0.244605,11.9566
11:56:17,0.248949,11.4794
11:56:18,0.248929,11.6164
11:56:19,0.250084,11.7238
11:56:20,0.251573,12.3539
11:56:21,0.250363,12.0024
11:56:22,0.251633,12.0772
11:56:23,0.253259,12.2476
11:56:24,0.255164,12.3455
11:56:25,0.254737,12.5173
11:56:26,0.256111,12.2835
11:56:27,0.256856,12.0488
11:56:28,0.259693,12.8411
11:56:29,0.258,12.5088
11:56:30,0.260541,12.8259
11:56:31,0.261661,12.9129
11:56:32,0.26188,12.5924
11:56:33,0.261593,12.8262
11:56:34,0.263037,12.8777
11:56:35,0.26585,13.3465
11:56:36,0.26521,13.2078
11:56:37,0.265897,13.3718
11:56:38,0.266487,16.7011
11:56:39,2.67436,33.3249
11:56:40,17.0299,35.4131
11:56:41,19.1791,36.036
11:56:42,19.8807,36.7929
11:56:43,20.4558,37.2757
11:56:44,20.8878,37.6086
11:56:45,21.2753,38.6117
11:56:46,21.6243,37.9208
11:56:47,21.919,38.6987
11:56:48,22.1949,39.2468
11:56:49,22.4572,39.6596
11:56:50,22.6794,39.9386
11:56:51,22.9041,39.9891
11:56:52,23.1049,40.4083
11:56:53,23.2864,40.4584
11:56:54,23.4672,40.741
11:56:55,23.6218,40.7907
11:56:56,23.7791,40.9649
11:56:57,23.9394,41.547
11:56:58,24.0626,41.855
11:56:59,24.1975,41.7641
11:57:00,24.3249,41.793
11:57:01,24.4411,41.7982
11:57:02,24.5468,42.3118
11:57:03,24.6414,42.481
11:57:04,24.743,42.6904
11:57:05,24.8227,42.928
11:57:06,24.9033,42.9366
11:57:07,24.9999,43.0098
11:57:08,25.061,43.0338
11:57:09,25.1432,43.2961
11:57:10,25.2119,43.3675
11:57:11,25.263,43.7207
11:57:12,25.3409,43.3858
11:57:13,25.3782,43.6743
11:57:14,25.4419,43.7491
11:57:15,25.4817,44.0605
11:57:16,25.5266,43.9984
11:57:17,25.5694,44.0913
11:57:18,25.6058,44.3377
11:57:19,25.6613,44.3902
11:57:20,25.6863,44.6353
11:57:21,25.7232,44.4789
11:57:22,25.7547,44.4769
11:57:23,25.7793,44.7666
11:57:24,25.8197,44.6956
11:57:25,25.8352,44.8234
11:57:26,25.8621,45.2117
11:57:27,25.8925,44.908
11:57:28,25.9154,45.4516
11:57:29,25.9364,45.0059
11:57:30,25.9537,45.0907
11:57:31,25.9769,45.9338
11:57:32,25.9721,45.4165
11:57:33,26.0001,45.3908
11:57:34,26.0102,45.6751
11:57:35,26.0295,45.9194
11:57:36,26.0428,45.898
11:57:37,26.0469,45.9021
11:57:38,26.0769,45.7119
11:57:39,26.0715,45.9995
11:57:40,26.0927,45.7891
11:57:41,26.0908,45.9519
11:57:42,26.1009,46.398
11:57:43,26.103,45.9426
11:57:44,26.1117,46.0714
11:57:45,26.1312,46.2648
11:57:46,26.1235,46.094
11:57:47,26.14,46.2008
11:57:48,26.1344,46.4858
11:57:49,26.1479,46.7917
11:57:50,26.1576,46.724
11:57:51,26.1559,46.3372
11:57:52,26.1616,46.7256
11:57:53,26.1563,46.827
11:57:54,26.1717,46.9086
11:57:55,26.1601,46.9534
11:57:56,26.1782,46.7087
11:57:57,26.165,47.026
11:57:58,26.1865,47.4351
11:57:59,26.1804,46.7315
11:58:00,26.1729,47.1363
11:58:01,26.1817,47.4572
11:58:02,26.167,47.41
11:58:03,26.187,47.4367
11:58:04,26.172,47.5517
11:58:05,26.1935,47.5316
11:58:06,26.1785,47.7445
11:58:07,26.1939,47.2878
11:58:08,26.1774,47.7721
11:58:09,26.1927,47.7927
11:58:10,26.1774,47.7521
11:58:11,26.1755,47.5609
11:58:12,26.1736,47.8535
11:58:13,26.169,47.4366
11:58:14,26.1782,48.1641
11:58:15,26.1788,47.8626
11:58:16,26.181,47.6727
11:58:17,26.1676,48.0609
11:58:18,26.1695,47.85
11:58:19,26.1639,48.4541
11:58:20,26.1701,48.1853
11:58:21,26.171,48.1136
11:58:22,26.1748,48.4458
11:58:23,26.1685,48.2648
11:58:24,26.17,48.498
11:58:25,26.1651,48.4747
11:58:26,26.1608,48.5942
11:58:27,26.1656,48.7867
11:58:28,26.157,48.8547
11:58:29,26.1595,48.6414
11:58:30,26.1495,48.6451
11:58:31,26.1717,48.4909
11:58:32,26.156,48.9077
11:58:33,26.16,48.769
11:58:34,26.1458,48.9968
11:58:35,26.1581,48.9823
11:58:36,26.151,48.6386
11:58:37,26.1475,49.0524
11:58:38,26.1445,49.148
11:58:39,26.1444,49.2166
11:58:40,26.14,49.1869
11:58:41,26.1473,49.364
11:58:42,26.1457,49.3274
11:58:43,26.1236,49.3865
11:58:44,26.1499,49.3247
11:58:45,26.1274,49.5055
11:58:46,26.1459,49.72
11:58:47,26.1277,49.405
11:58:48,26.1409,49.5227
11:58:49,26.1216,49.6095
11:58:50,26.1278,49.8673
11:58:51,26.1161,49.7763
11:58:52,26.1273,49.9871
11:58:53,26.1123,49.6086
11:58:54,26.1263,49.8718
11:58:55,26.1128,50.1986
11:58:56,26.1206,49.8408
11:58:57,26.1108,50.3592
11:58:58,26.1056,50.0893
11:58:59,26.1102,50.4431
11:59:00,26.0986,50.5576
11:59:01,26.1102,50.0658
11:59:02,26.0908,50.522
11:59:03,26.1206,50.4452
11:59:04,26.1003,50.6468
11:59:05,26.1085,50.6261
11:59:06,26.0895,50.6585
11:59:07,26.092,50.5211
11:59:08,26.0983,50.4855
11:59:09,26.0843,50.767
11:59:10,26.0844,50.9065
11:59:11,26.0829,50.8336
11:59:12,26.0866,50.7797
11:59:13,26.0904,50.8759
11:59:14,26.0835,50.9096
11:59:15,26.0807,50.8253
11:59:16,26.0811,51.3678
11:59:17,26.0803,51.1188
11:59:18,26.067,51.4386
11:59:19,26.0707,51.3711
11:59:20,26.0718,51.2158
11:59:21,26.0771,51.0826
11:59:22,26.0652,50.9298
11:59:23,26.0749,51.031
11:59:24,26.0713,51.0688
11:59:25,26.0649,51.4895
11:59:26,26.0538,51.5532
11:59:27,26.0619,51.5374
11:59:28,26.0593,51.5133
11:59:29,26.0649,51.6633
11:59:30,26.0512,51.8237
11:59:31,26.0545,51.5061
11:59:32,26.064,51.7441
11:59:33,26.0524,51.9793
11:59:34,26.0538,51.9528
11:59:35,26.0577,51.8067
11:59:36,26.0525,52.2309
11:59:37,26.0442,52.0746
11:59:38,26.0452,52.1931
11:59:39,26.0444,51.8602
11:59:40,26.036,52.4789
11:59:41,26.0367,51.7497
11:59:42,26.0472,51.9667
11:59:42,26.0249,52.3288
11:59:43,26.039,52.6246
11:59:44,26.0285,52.5284
11:59:45,26.0353,52.6118
11:59:46,26.0275,52.7287
11:59:47,26.0273,52.2246
11:59:48,26.0303,52.6501
11:59:49,26.0705,52.6886
11:59:50,26.0093,38.1721
11:59:51,9.5459,12.6599
11:59:52,1.07802,8.40735
11:59:53,0.113122,8.20851
11:59:54,0.034381,8.12323
11:59:55,0.023497,7.93486
11:59:56,0.021556,8.21271
11:59:57,0.020733,7.83607
11:59:58,0.021321,7.94779
11:59:59,0.021233,7.95988
12:00:00,0.021685,8.3695
12:00:01,0.019472,8.17205
12:00:02,0.019643,7.96019
12:00:03,0.021319,7.84866
12:00:04,0.020524,7.68926
12:00:05,0.017957,8.07085
12:00:06,0.020404,7.95167
12:00:07,0.01806,8.25452
12:00:08,0.019561,7.91538
12:00:09,0.019831,7.94377
12:00:10,0.019182,8.12105
12:00:11,0.019328,8.14775
12:00:12,0.071434,8.64356
12:00:13,0.13002,8.43715
12:00:14,0.152614,8.47907
12:00:15,0.16587,8.70337
12:00:16,0.178814,8.75318
12:00:17,0.191678,8.83666
12:00:18,0.205625,9.03345
12:00:19,0.217661,8.8103
12:00:20,0.227599,9.08091
12:00:21,0.237694,8.98689
12:00:22,0.248923,9.43653
12:00:23,0.258786,8.91239
12:00:24,0.266576,9.37835
12:00:25,0.274402,9.38409
12:00:26,0.2817,9.51428
12:00:27,0.288626,9.55738
12:00:28,0.296205,9.70215
12:00:29,0.301948,9.51318
12:00:30,0.307886,9.54126
12:00:31,0.314316,9.66662
12:00:32,0.320383,9.83984
12:00:33,0.324522,9.68997
12:00:34,0.330548,9.75494
12:00:35,0.335425,10.0625
12:00:36,0.340188,10.165
12:00:37,0.343851,9.85988
12:00:38,0.349575,10.1493
12:00:39,0.353965,10.2072
12:00:40,0.357931,10.3615
12:00:41,0.36374,10.568
12:00:42,0.364532,10.4716
12:00:43,0.36978,10.4974
12:00:44,0.372157,10.5767
12:00:45,0.377657,10.5882
12:00:46,0.378819,10.6581
12:00:47,0.38432,10.6952
12:00:48,0.385616,11.0494
12:00:49,0.388927,11.0359
12:00:50,0.390208,11.1972
12:00:51,0.395104,11.172
12:00:52,0.395982,11.2562
12:00:53,0.399206,11.1224
12:00:54,0.401216,11.2984
12:00:55,0.4037,10.8341
12:00:56,0.405773,11.1355
12:00:57,0.408485,11.4834
12:00:58,0.411534,11.7021
12:00:59,0.413793,11.312
12:01:00,0.414548,11.2989
12:01:01,0.414703,11.6152
12:01:02,0.417972,11.602
12:01:03,0.420212,11.854
12:01:04,0.422283,11.728
12:01:05,0.423601,11.6688
12:01:06,0.424865,11.8047
12:01:07,0.42658,12.2347
12:01:08,0.427934,12.0899
12:01:09,0.430412,11.9925
12:01:10,0.431166,11.8767
12:01:11,0.432708,12.4016
12:01:12,0.434462,12.8081
12:01:13,0.437696,12.2632
12:01:14,0.438459,12.7997
12:01:15,0.439289,12.5505
12:01:16,0.441254,12.7095
12:01:17,0.443745,12.964
12:01:18,0.444592,13.67
12:01:19,1.27849,29.8053
12:01:20,14.3814,35.2598
12:01:21,19.4347,36.0066
12:01:22,20.1439,36.5247
12:01:23,20.4473,36.4424
12:01:24,20.8152,37.164
12:01:25,21.1516,37.5045
12:01:26,21.4558,38.027
12:01:27,21.7095,37.9928
12:01:28,21.9602,38.4485
12:01:29,22.1812,38.6037
12:01:30,22.4065,39.1833
12:01:31,22.5951,39.1563
12:01:32,22.7837,39.4147
12:01:33,22.9456,39.7849
12:01:34,23.1095,39.9846
12:01:35,23.2643,40.0273
12:01:36,23.3974,40.2589
12:01:37,23.5239,40.4514
12:01:38,23.6373,40.862
12:01:39,23.7613,40.6125
12:01:40,23.8456,41.1887
12:01:41,23.9537,41.1027
12:01:42,24.0382,41.3299
12:01:43,24.1268,41.487
12:01:44,24.2166,41.5247
12:01:45,24.2784,41.5356
12:01:46,24.3476,41.609
12:01:47,24.4112,41.6934
12:01:48,24.4808,41.8702
12:01:49,24.5239,42.1467
12:01:50,24.5819,41.8891
12:01:51,24.6392,42.3
12:01:52,24.6786,42.1322
12:01:53,24.7438,42.6566
12:01:54,24.7776,42.6638
12:01:55,24.8109,42.5702
12:01:56,24.835,42.7226
12:01:57,24.8772,42.6405
12:01:58,24.906,43.0192
12:01:59,24.9295,42.821
12:02:00,24.9745,42.9202
12:02:01,24.9782,43.0283
12:02:02,25.0165,43.1645
12:02:03,25.0416,43.0682
12:02:04,25.0505,43.2745
12:02:05,25.0829,43.3268
12:02:06,25.0865,43.2201
12:02:07,25.1105,43.5477
12:02:08,25.1207,43.5854
12:02:09,25.1324,43.518
12:02:10,25.1568,43.9425
12:02:11,25.1607,43.9735
12:02:12,25.1853,43.6572
12:02:13,25.1898,44.2271
12:02:14,25.1953,43.6007
12:02:15,25.2068,43.9497
12:02:16,25.2071,44.1519
12:02:17,25.2318,44.1439
12:02:18,25.2179,44.122
12:02:19,25.2449,44.229
12:02:20,25.2379,44.5025
12:02:21,25.2496,44.3851
12:02:22,25.2593,44.2601
12:02:23,25.2546,44.6171
12:02:24,25.2714,44.6029
12:02:25,25.2635,44.5231
12:02:26,25.2692,44.6263
12:02:27,25.2643,44.7864
12:02:28,25.2806,44.8658
12:02:29,25.2812,44.7978
12:02:30,25.2721,44.931
12:02:31,25.2854,44.9622
12:02:32,25.2912,45.0423
12:02:33,25.2918,45.1237
12:02:34,25.2843,45.2885
12:02:35,25.2885,45.1932
12:02:36,25.2964,45.0129
12:02:37,25.2842,45.1299
12:02:38,25.2988,45.3236
12:02:39,25.2875,45.2964
12:02:40,25.3047,45.3784
12:02:41,25.2963,45.6282
12:02:42,25.3038,45.35
12:02:43,25.2851,45.622
12:02:44,25.2885,45.678
12:02:45,25.2829,45.8141
12:02:46,25.2818,45.5393
12:02:47,25.2925,45.6346
12:02:48,25.2849,46.0371
12:02:49,25.2726,45.7982
12:02:50,25.2929,46.2531
12:02:51,25.2815,46.1718
12:02:52,25.2866,46.2343
12:02:53,25.2713,46.3198
12:02:54,25.2735,46.151
12:02:55,25.2753,46.1309
12:02:56,25.2694,46.0958
12:02:57,25.2724,46.1886
12:02:58,25.273,46.3063
12:02:59,25.274,46.3559
12:03:00,25.2764,46.0402
12:03:01,25.2798,46.3569
12:03:02,25.2602,46.5622
12:03:03,25.2739,46.4361
12:03:04,25.2615,46.7632
12:03:05,25.2656,46.4214
12:03:06,25.2537,46.6713
12:03:07,25.2622,46.7998
12:03:08,25.2551,46.7857
12:03:09,25.259,46.7498
12:03:10,25.259,46.8892
12:03:11,25.2559,46.8607
12:03:12,25.2571,46.691
12:03:13,25.2385,46.9731
12:03:14,25.2472,46.984
12:03:15,25.2413,46.9559
12:03:16,25.2517,47.4003
12:03:17,25.2369,47.139
12:03:18,25.2486,47.4759
12:03:19,25.2368,47.5725
12:03:20,25.2435,46.7902
12:03:21,25.2345,47.1135
12:03:22,25.2407,47.5768
12:03:23,25.2253,47.3197
12:03:24,25.2445,47.4797
12:03:25,25.22,47.6015
12:03:26,25.2319,47.4878
12:03:27,25.2239,47.5819
12:03:28,25.237,47.7897
12:03:29,25.2296,47.546
12:03:30,25.2336,47.9394
12:03:31,25.2329,47.8107
12:03:32,25.2234,48.0094
12:03:33,25.2195,47.7192
12:03:34,25.216,47.8858
12:03:35,25.2185,48.0454
12:03:36,25.2534,47.881
12:03:37,25.1967,47.3648
12:03:38,24.1922,25.3008
12:03:39,5.32371,10.2443
12:03:40,0.565971,8.47193
12:03:41,0.07236,8.67485
12:03:42,0.028756,8.23257
12:03:43,0.023138,8.24264
12:03:44,0.024107,8.3834
12:03:45,0.022293,8.63019
12:03:46,0.021462,8.53551
12:03:47,0.023542,8.6094
12:03:48,0.020516,8.41405
12:03:49,0.020346,8.42335
12:03:49,0.021715,8.77692
12:03:50,0.021863,8.44605
12:03:51,0.020742,8.40601
12:03:52,0.02235,8.55142
12:03:53,0.02048,8.3615
12:03:54,0.020973,8.47871
12:03:55,0.022009,8.35611
12:03:56,0.021524,8.6138
12:03:57,0.022659,8.2029
12:03:58,0.020471,8.64938
12:03:59,0.020622,8.72669
12:04:00,0.051823,9.00593
12:04:01,0.14756,8.66661
12:04:02,0.127929,9.27675
12:04:03,0.104041,8.87592
12:04:04,0.085509,9.13311
12:04:05,0.070508,9.04166
12:04:06,0.060782,9.2041
12:04:07,0.052993,9.70073
12:04:08,0.045256,9.413
12:04:09,0.041035,9.40614
12:04:10,0.036789,9.73757
12:04:11,0.03543,9.07254
12:04:12,0.033366,9.49224
12:04:13,0.030915,9.19584
12:04:14,0.028501,9.66327
12:04:15,0.029893,9.24005
12:04:16,0.031259,9.4307
12:04:17,0.031863,9.14241
12:04:18,0.035438,9.82488
12:04:19,0.035946,24.0458
12:04:20,0.087182,179.173
12:04:21,0.724476,276.403
12:04:22,1.20631,339.887
12:04:23,1.51633,367.079
12:04:24,1.70552,384.51
12:04:25,1.82694,395.778
12:04:26,1.90517,403.155
12:04:27,1.95389,408
12:04:28,1.98613,411.496
12:04:29,2.00659,413.49
12:04:30,2.02017,415.464
12:04:31,2.02804,417.023
12:04:32,2.03562,419.817
12:04:33,2.03973,422.464
12:04:34,2.04475,422.556
12:04:35,2.04615,421.224
12:04:36,2.04649,420.078
12:04:37,2.04459,419.625
12:04:38,2.04474,419.152
12:04:39,2.04449,419.185
12:04:40,2.04596,419.358
12:04:41,2.04401,419.128
12:04:42,2.04654,418.791
12:04:43,2.04578,418.693
12:04:44,2.04638,418.916
12:04:45,2.04388,418.083
12:04:46,2.04553,418.268
12:04:47,2.04751,418.144
12:04:48,2.04524,418.355
12:04:49,2.04514,418.108
12:04:50,2.04543,418.157
12:04:51,2.04586,418.447
12:04:52,2.04645,418.309
12:04:53,2.04766,418.36
12:04:54,2.04341,418.114
12:04:55,2.04602,418.514
12:04:56,2.04677,418.461
12:04:57,2.04689,418.363
12:04:58,2.04389,418.602
12:04:59,2.04554,420.805
12:05:00,2.04753,420.922
12:05:01,2.04857,420.458
12:05:02,2.04803,420.781
12:05:03,2.04771,420.709
12:05:04,2.04851,420.034
